OverallQual,GrLivArea,GarageCars,TotalBsmtSF,1stFlrSF,YearBuilt,FullBath,Fireplaces,GrLivArea_OverallQual,SalePrice
7,1710,2,856,856,2003,2,0,11970,208500
6,1262,2,1262,1262,1976,2,1,7572,181500
7,1786,2,920,920,2001,2,1,12502,223500
7,1717,3,756,961,1915,1,1,12019,140000
8,2198,3,1145,1145,2000,2,1,17584,250000
5,1362,2,796,796,1993,1,0,6810,143000
8,1694,2,1686,1694,2004,2,1,13552,307000
7,2090,2,1107,1107,1973,2,2,14630,200000
7,1774,2,952,1022,1931,2,2,12418,129900
5,1077,1,991,1077,1939,1,2,5385,118000
5,1040,1,1040,1040,1965,1,0,5200,129500
9,2324,3,1175,1182,2005,3,2,20916,345000
5,912,1,912,912,1962,1,0,4560,144000
7,1494,3,1494,1494,2006,2,1,10458,279500
6,1253,1,1253,1253,1960,1,1,7518,157000
7,854,2,832,854,1929,1,0,5978,132000
6,1004,2,1004,1004,1970,1,1,6024,149000
4,1296,2,0,1296,1967,2,0,5184,90000
5,1114,2,1114,1114,2004,1,0,5570,159000
5,1339,1,1029,1339,1958,1,0,6695,139000
8,2376,3,1158,1158,2005,3,1,19008,325300
7,1108,1,637,1108,1930,1,1,7756,139400
8,1795,2,1777,1795,2002,2,1,14360,230000
5,1060,2,1040,1060,1976,1,1,5300,129900
5,1060,1,1060,1060,1968,1,1,5300,154000
8,1600,3,1566,1600,2007,2,1,12800,256300
5,900,2,900,900,1951,1,0,4500,134800
8,1704,3,1704,1704,2007,2,1,13632,306000
5,1600,1,1484,1600,1957,1,2,8000,207500
4,520,1,520,520,1927,1,0,2080,68500
4,1317,1,649,649,1920,1,0,5268,40000
5,1228,1,1228,1228,1966,1,0,6140,149350
8,1234,2,1234,1234,2007,2,0,9872,179900
5,1700,2,1398,1700,1959,1,1,8500,165500
9,1561,2,1561,1561,2005,2,1,14049,277500
8,2452,3,1117,1132,2004,3,1,19616,309000
5,1097,2,1097,1097,1994,1,0,5485,145000
5,1297,2,1297,1297,1954,1,1,6485,153000
5,1057,1,1057,1057,1953,1,0,5285,109000
4,1152,0,0,1152,1955,2,0,4608,82000
6,1324,2,1088,1324,1965,2,1,7944,160000
5,1328,1,1350,1328,1959,1,2,6640,170000
5,884,2,840,884,1983,1,0,4420,144000
5,938,1,938,938,1975,1,0,4690,130250
5,1150,1,1150,1150,1959,1,0,5750,141000
9,1752,2,1752,1752,2005,2,1,15768,319900
7,2149,2,1434,1518,2003,1,1,15043,239686
8,1656,3,1656,1656,2006,2,0,13248,249700
4,1452,0,736,736,1920,2,0,5808,113000
5,955,1,955,955,1966,1,0,4775,127000
6,1470,2,794,794,1997,2,0,8820,177000
6,1176,2,816,816,1934,1,1,7056,114500
5,816,2,816,816,1963,1,0,4080,110000
9,1842,3,1842,1842,1981,0,1,16578,385000
5,1360,2,384,1360,1955,1,1,6800,130000
6,1425,2,1425,1425,1964,2,1,8550,180500
8,1739,2,970,983,1999,2,0,13912,172500
7,1720,2,860,860,2004,2,0,12040,196500
10,2945,3,1410,1426,2006,3,1,29450,438780
5,780,1,780,780,1972,1,0,3900,124900
6,1158,2,1158,1158,2004,1,0,6948,158000
5,1111,1,530,581,1920,1,0,5555,101000
8,1370,2,1370,1370,2006,2,1,10960,202500
7,1710,2,576,902,1921,2,0,11970,140000
7,2034,2,1057,1057,1997,2,0,14238,219500
8,2473,3,1143,1143,2004,2,1,19784,317000
7,2207,2,1947,2207,1970,2,1,15449,180000
7,1479,2,1453,1479,2003,2,0,10353,226000
4,747,1,747,747,1945,1,0,2988,80000
7,2287,2,1304,1304,1953,2,1,16009,225000
7,2223,2,2223,2223,1973,2,2,15561,244000
4,845,2,845,845,1982,1,0,3380,129500
7,1718,2,832,885,1998,2,1,12026,185000
5,1086,2,1086,1086,1954,1,0,5430,144900
3,1605,1,840,840,1915,2,0,4815,107400
4,988,1,462,526,1973,1,0,3952,91000
4,952,1,952,952,1956,1,0,3808,135750
5,1285,1,672,1072,1948,1,0,6425,127000
4,1768,0,1768,1768,1968,2,0,7072,136500
5,1230,2,440,682,1910,1,0,6150,110000
6,2142,1,896,1182,1968,2,1,12852,193500
6,1337,2,1237,1337,1998,2,0,8022,153500
8,1563,3,1563,1563,2007,2,1,12504,245000
5,1065,2,1065,1065,1960,1,0,5325,126500
7,1474,2,384,804,1995,2,1,10318,168500
8,2417,2,1288,1301,1991,2,1,19336,260000
6,1560,2,684,684,2005,2,1,9360,174000
6,1224,2,612,612,2009,2,0,7344,164500
3,1526,0,1013,1013,1915,1,0,4578,85000
4,990,0,990,990,1994,1,0,3960,123600
4,1040,2,0,1040,1950,1,0,4160,109900
5,1235,2,1235,1235,1961,1,0,6175,98600
5,964,2,876,964,1921,1,0,4820,163500
6,2291,2,1214,1260,1910,2,1,13746,133900
6,1786,2,824,905,1997,2,0,10716,204750
6,1470,2,680,680,1993,2,1,8820,185000
7,1588,2,1588,1588,1999,2,0,11116,214000
4,960,1,960,960,1965,1,0,3840,94750
5,835,1,458,835,1920,1,0,4175,83000
4,1225,0,950,1225,1959,1,0,4900,128950
6,1610,2,1610,1610,1977,2,2,9660,205000
6,1732,2,741,977,1985,2,1,10392,178000
5,1535,2,0,1535,1979,2,0,7675,118964
7,1226,3,1226,1226,2009,2,0,8582,198900
7,1818,1,1040,1226,1931,1,2,12726,169500
8,1992,2,1053,1053,2003,2,1,15936,250000
4,1047,1,641,1047,1885,1,0,4188,100000
5,789,1,789,789,1948,1,0,3945,115000
5,1517,0,793,997,1919,2,0,7585,115000
6,1844,2,1844,1844,1977,2,1,11064,190000
6,1855,1,994,1216,1954,2,0,11130,136900
7,1430,2,384,774,2000,2,1,10010,180000
7,2696,3,1264,1282,2007,2,1,18872,383970
6,2259,2,1809,2259,1953,2,2,13554,217000
6,2320,1,1028,1436,1945,2,1,13920,259500
6,1458,2,729,729,1999,2,1,8748,176000
5,1092,1,1092,1092,1962,1,1,5460,139000
5,1125,2,1125,1125,2006,1,0,5625,155000
7,3222,3,1673,1699,1990,3,2,22554,320000
6,1456,2,728,728,2005,2,1,8736,163990
6,988,2,938,988,1969,1,2,5928,180000
4,1123,1,732,772,1939,1,0,4492,100000
6,1080,1,1080,1080,1958,1,0,6480,136000
6,1199,2,1199,1199,1993,2,0,7194,153900
6,1586,2,1362,1586,1979,2,1,9516,181000
6,754,0,520,520,1935,1,0,4524,84500
6,958,2,1078,958,1976,2,1,5748,128000
5,840,0,672,840,1930,1,1,4200,87000
6,1348,2,660,660,1966,1,1,8088,155000
5,1053,2,1008,1053,1958,1,0,5265,150000
7,2157,2,924,1216,1966,2,2,15099,226000
6,2054,2,992,1022,2000,2,1,12324,244000
5,1327,2,1063,1327,1959,1,0,6635,150750
8,1296,2,1267,1296,2001,2,0,10368,220000
5,1721,2,1461,1721,1968,2,1,8605,180000
7,1682,2,1304,1682,1970,2,1,11774,174000
5,1214,1,1214,1214,1967,2,1,6070,143000
7,1959,3,1907,1959,1988,3,0,13713,171000
8,1852,3,1004,1004,1999,2,2,14816,230000
6,1764,2,928,928,1997,2,0,10584,231500
4,864,0,864,864,1971,1,1,3456,115000
7,1734,2,1734,1734,2005,2,0,12138,260000
5,1385,2,910,910,1952,2,0,6925,166000
7,1501,2,1490,1501,1999,2,0,10507,204000
5,1728,2,1728,1728,1963,2,0,8640,125000
6,1709,2,970,970,2004,2,0,10254,130000
5,875,1,715,875,1931,1,0,4375,105000
7,2035,2,884,884,2001,2,1,14245,222500
7,1080,0,1080,1080,2004,1,0,7560,141000
5,1344,1,896,896,1936,1,0,6720,115000
5,969,2,969,969,1975,1,0,4845,122000
8,1710,3,1710,1710,2007,2,1,13680,372402
6,1993,2,825,1097,1971,2,1,11958,190000
6,1252,2,1602,1252,1960,1,1,7512,235000
6,1200,1,1200,1200,1923,1,0,7200,125000
6,1096,0,572,572,1924,1,0,6576,79000
5,1040,2,0,1040,1950,1,0,5200,109500
8,1968,3,774,774,2009,2,1,15744,269500
7,1947,2,991,991,2004,2,1,13629,254900
7,2462,2,1392,1392,2005,2,1,17234,320000
6,1232,2,1232,1232,1984,2,0,7392,162500
9,2668,3,1572,1572,2003,2,2,24012,412500
7,1541,2,1541,1541,2005,2,1,10787,220000
4,882,0,882,882,1956,1,0,3528,103200
6,1616,1,1149,1149,1926,2,0,9696,152000
5,1355,0,644,808,1940,2,0,6775,127500
5,1867,1,1617,1867,1955,1,3,9335,190000
8,2161,3,1582,1610,2007,1,1,17288,325624
7,1720,2,840,840,2004,2,1,12040,183500
8,1707,2,1686,1707,1981,2,1,13656,228000
5,1382,2,720,854,1941,1,0,6910,128500
6,1656,2,1080,1656,1960,1,2,9936,215000
7,1767,2,1064,1064,1987,2,1,12369,239000
6,1362,2,1362,1362,1961,1,1,8172,163000
6,1651,2,1606,1651,1986,2,1,9906,184000
6,2158,2,1202,2158,1950,2,1,12948,243000
6,2060,2,1151,1164,1988,2,1,12360,211000
5,1920,2,1052,1252,1958,2,1,9600,172500
9,2234,3,2216,2234,2008,2,1,20106,501837
5,968,2,968,968,1923,1,0,4840,100000
6,1525,2,756,769,2000,2,1,9150,177000
7,1802,1,793,901,1920,1,1,12614,200100
5,1340,1,0,1340,1957,1,1,6700,120000
7,2082,2,1362,1362,2003,2,0,14574,200000
5,1252,2,504,936,1908,1,0,6260,127000
10,3608,3,1107,1518,1892,2,2,36080,475000
7,1217,2,1188,1217,1990,2,0,8519,173000
5,1656,1,660,808,1916,2,0,8280,135000
5,1224,2,1086,1224,1979,0,2,6120,153337
8,1593,2,1593,1593,2001,1,1,12744,286000
8,2727,2,853,1549,1932,2,2,21816,315000
7,1479,2,725,725,1972,1,0,10353,184000
7,1431,2,1431,1431,1999,2,0,10017,192000
7,1709,2,970,970,2004,2,0,11963,130000
5,864,1,864,864,1972,1,0,4320,127000
6,1456,2,855,855,1976,2,1,8736,148500
7,1726,3,1726,1726,2007,2,1,12082,311872
8,3112,2,1360,1360,1918,2,1,24896,235000
6,2229,0,755,929,1912,1,0,13374,104000
8,1713,3,1713,1713,2004,2,1,13704,274900
4,1121,2,1121,1121,2003,2,0,4484,140000
6,1279,2,1196,1279,1977,2,2,7674,171500
6,1310,1,617,865,1924,2,0,7860,112000
6,848,2,848,848,2004,1,1,5088,149000
5,1284,1,720,720,1947,1,0,6420,110000
7,1442,2,1424,1442,1990,2,0,10094,180500
5,1696,1,1140,1696,1962,1,1,8480,143900
4,1100,1,1100,1100,1960,1,1,4400,141000
7,2062,2,1157,1180,1988,2,1,14434,277000
6,1092,2,1092,1092,1964,1,0,6552,145000
5,864,0,864,864,1925,1,0,4320,98000
6,1212,2,1212,1212,2009,2,0,7272,186000
7,1852,2,900,932,2009,2,1,12964,252678
5,990,2,990,990,1995,1,0,4950,156000
6,1392,1,689,689,1977,1,0,8352,161750
5,1236,1,1070,1236,1957,1,1,6180,134450
7,1436,2,1436,1436,2004,2,0,10052,210000
4,1328,1,686,810,1925,1,0,5312,107000
7,1954,2,798,1137,1939,1,2,13678,311500
7,1248,2,1248,1248,2005,2,0,8736,167240
7,1498,2,1498,1498,2006,2,0,10486,204900
6,2267,2,1010,1010,2002,2,1,13602,200000
6,1552,2,713,811,1975,2,1,9312,179900
4,864,2,864,864,1971,1,0,3456,97000
10,2392,3,2392,2392,2003,2,1,23920,386250
5,1302,1,630,630,1971,2,0,6510,112000
7,2520,3,1203,1214,1995,2,1,17640,290000
6,987,1,483,483,1970,1,0,5922,106000
5,912,1,912,912,1967,1,1,4560,125000
7,1555,2,1373,1555,2005,2,1,10885,192500
6,1194,1,1194,1194,1959,1,0,7164,148000
8,2794,3,1462,1490,1995,2,1,22352,403000
6,987,1,483,483,1972,1,1,5922,94500
5,894,1,894,894,1976,1,0,4470,128200
6,1960,2,860,860,2002,2,2,11760,216500
6,987,1,483,483,1971,1,0,5922,89500
7,1414,2,1414,1414,2004,2,0,9898,185500
7,1744,2,996,1014,1993,2,0,12208,194500
8,1694,3,1694,1694,2007,2,0,13552,318000
6,1487,1,735,798,1945,1,1,8922,113000
8,1566,2,1566,1566,2008,2,0,12528,262500
5,866,0,686,866,1945,1,0,4330,110500
5,1440,1,540,889,1900,1,0,7200,79000
6,1217,1,626,626,1980,1,1,7302,120000
7,2110,2,948,1222,1994,2,2,14770,205000
7,1872,2,1845,1872,1988,2,1,13104,241500
6,1928,1,1020,908,1910,2,0,11568,137000
6,1375,2,1367,1375,1954,1,1,8250,140000
7,1668,2,840,840,2003,2,0,11676,180000
6,2144,2,1444,1444,1958,2,2,12864,277000
3,1306,0,728,1306,1940,1,0,3918,76500
8,1625,2,1573,1625,2006,2,1,13000,235000
6,1640,2,798,798,2004,2,0,9840,173000
6,1302,1,1302,1302,1964,2,0,7812,158000
5,1314,1,1314,1314,1957,1,0,6570,145000
7,2291,2,975,1005,1999,2,1,16037,230000
6,1728,2,864,864,2003,2,0,10368,207500
7,1604,2,1604,1604,2006,2,1,11228,220000
7,1792,2,963,963,2001,2,1,12544,231500
5,882,1,0,882,1956,1,0,4410,97000
6,1382,2,1362,1382,1962,1,1,8292,176000
8,2574,3,1482,1482,2007,2,1,20592,276000
6,1212,2,506,1212,1977,1,1,7272,151000
5,1316,2,926,926,1929,1,0,6580,130000
5,764,2,680,764,1925,1,0,3820,73000
6,1422,2,1422,1422,1981,2,1,8532,175500
6,1511,2,802,802,1997,2,1,9066,185000
5,2192,1,720,1052,1939,2,1,10960,179500
5,778,1,740,778,1940,1,1,3890,120500
6,1113,1,1143,1113,1976,1,1,6678,148000
8,1939,3,1095,1095,2006,2,1,15512,266000
7,1363,2,1385,1363,1954,1,2,9541,241500
8,2270,3,1152,1164,1999,2,1,18160,290000
6,1632,1,1240,1632,1958,2,1,9792,139000
5,816,1,816,816,1982,1,0,4080,124500
7,1548,2,952,952,1925,2,0,10836,205000
7,1560,2,1560,1560,2003,2,0,10920,201000
4,864,2,864,864,1951,1,0,3456,141000
9,2121,3,2121,2121,2006,2,1,19089,415298
7,2022,2,1160,1156,1977,2,1,14154,192000
7,1982,2,807,1175,1989,2,1,13874,228500
6,1262,2,1262,1262,2006,2,0,7572,185000
7,1314,2,1314,1314,2007,2,1,9198,207500
8,1468,3,1468,1468,2008,2,1,11744,244600
6,1575,2,1575,1575,1992,2,0,9450,179200
7,1250,2,625,625,2006,2,0,8750,164700
6,1734,2,912,1085,1962,1,1,10404,159000
4,858,0,858,858,1971,1,0,3432,88000
5,900,1,882,900,1967,1,0,4500,122000
6,1396,1,698,698,1915,1,0,8376,153575
8,1919,2,1079,1079,2006,2,1,15352,233230
5,1716,0,780,936,1912,2,0,8580,135900
5,1716,1,768,1148,1949,1,1,8580,131000
7,2263,2,795,1468,1977,2,1,15841,235000
6,1644,2,1416,1644,1953,1,2,9864,167000
6,1003,2,1003,1003,1984,1,0,6018,142500
5,1558,1,910,910,1950,1,0,7790,152000
7,1950,2,975,975,1997,2,1,13650,239000
6,1743,2,702,1041,1968,1,1,10458,175000
6,1152,1,1092,1152,1950,1,1,6912,158500
5,1336,1,1165,1336,1953,1,2,6680,157000
8,2452,2,1028,1210,1998,2,1,19616,267000
7,1541,3,1541,1541,2001,2,1,10787,205000
5,894,2,894,894,1972,1,0,4470,149900
7,3493,3,1470,1675,1880,3,1,24451,295000
8,2000,3,2000,2000,2004,2,0,16000,305900
7,2243,3,700,1122,1990,2,1,15701,225000
6,1406,0,319,1035,1920,1,0,8436,89500
4,861,2,861,861,1940,1,0,3444,82500
9,1944,3,1896,1944,2003,2,3,17496,360000
6,1501,2,697,697,1993,2,1,9006,165600
6,972,1,972,972,1948,1,1,5832,132000
5,1118,2,793,793,1939,1,1,5590,119900
7,2036,2,2136,2036,1965,2,2,14252,375000
7,1641,2,728,832,1925,1,1,11487,178000
7,1432,2,716,716,2004,2,1,10024,188500
7,2353,2,845,1153,1980,2,1,16471,260000
8,1959,3,1088,1088,2006,2,1,15672,270000
7,2646,3,1347,1372,1993,2,1,18522,260000
7,1472,2,1372,1472,1980,2,2,10304,187500
9,2596,3,1249,1249,2006,3,0,23364,342643
8,2468,3,1136,1136,2004,2,1,19744,354000
7,2730,2,1502,1553,1986,2,1,19110,301000
3,1163,1,1162,1163,1955,1,0,3489,126175
7,2978,2,710,1898,1967,2,1,20846,242000
5,803,2,720,803,1941,1,0,4015,87000
8,1719,2,1719,1719,1993,1,2,13752,324000
6,1383,1,1383,1383,1960,1,0,8298,145250
6,2134,2,844,1445,1916,2,0,12804,214500
5,1192,1,596,596,1920,1,0,5960,78000
5,1728,1,1728,1728,1964,2,0,8640,119000
5,1056,1,1056,1056,1958,1,0,5280,139000
8,1629,3,3206,1629,2003,2,1,13032,284000
7,1358,2,1358,1358,2004,2,1,9506,207000
6,1638,2,943,943,1998,2,2,9828,192000
5,1786,2,1499,1619,1965,2,2,8930,228950
9,1922,3,1922,1922,2005,2,1,17298,377426
7,1536,2,1536,1536,2002,2,0,10752,214000
7,1621,2,1208,1621,1984,2,0,11347,202500
6,1215,1,1215,1215,1958,1,0,7290,155000
8,1908,2,967,993,2002,2,0,15264,202900
4,841,1,721,841,1950,1,0,3364,82000
3,1040,2,0,1040,1949,2,0,3120,87500
9,1684,2,1684,1684,2005,2,1,15156,266000
5,1112,1,536,536,1976,1,0,5560,85000
6,1577,1,972,972,1939,1,1,9462,140200
6,958,1,958,958,1960,1,0,5748,151500
6,1478,2,1478,1478,1960,2,2,8868,157500
7,1626,2,764,764,2003,2,0,11382,154000
9,2728,3,1848,1848,2005,2,2,24552,437154
9,1869,2,1869,1869,2007,2,1,16821,318061
7,1453,2,1453,1453,1986,1,1,10171,190000
5,1111,1,616,616,1941,1,0,5555,95000
6,720,2,624,720,1928,1,0,4320,105900
6,1595,1,940,1192,1940,1,2,9570,140000
6,1200,2,1200,1200,1995,2,0,7200,177500
6,1167,2,1158,1167,1992,2,0,7002,173000
5,1142,2,1142,1142,1976,1,1,5710,134000
5,1352,1,1062,1352,1958,1,0,6760,130000
8,1924,2,1086,1086,1998,2,1,15392,280000
6,912,2,888,912,1978,1,1,5472,156000
5,1505,1,883,988,1940,1,0,7525,145000
7,1922,2,0,495,2003,3,1,13454,198500
6,987,1,483,483,1972,1,0,5922,118000
6,1574,2,796,790,1976,2,1,9444,190000
5,1344,1,672,672,1920,1,0,6720,147000
6,1394,2,1394,1394,1963,1,2,8364,159000
6,1431,1,1099,1431,1962,1,1,8586,165000
5,1268,1,1268,1268,1954,1,1,6340,132000
5,1287,2,1063,1287,1959,1,1,6435,162000
6,1664,2,953,953,2000,2,1,9984,172400
4,1588,2,0,1120,1959,2,1,6352,134432
6,752,1,744,752,1984,1,0,4512,125000
5,1319,1,608,1319,1953,1,0,6595,123000
7,1928,2,847,847,2003,2,1,13496,219500
1,904,0,683,904,1922,0,0,904,61000
5,914,2,870,914,1996,1,0,4570,148000
8,2466,2,1580,1580,2004,3,1,19728,340000
9,1856,3,1856,1856,2010,1,1,16704,394432
6,1800,2,982,1007,2000,2,1,10800,179000
5,1691,1,1026,1026,1924,2,1,8455,127000
7,1301,2,1293,1301,2006,2,1,9107,187750
7,1797,2,939,939,2006,2,0,12579,213500
6,784,2,784,784,1928,1,0,4704,76000
6,1953,2,1580,1079,1992,2,2,11718,240000
8,1269,2,1256,1269,2004,2,1,10152,192000
5,1184,0,658,658,1910,1,0,5920,81000
6,1125,1,1041,1125,1976,1,1,6750,125000
7,1479,2,1468,1479,1999,2,0,10353,191000
10,2332,3,1682,1742,2007,2,1,23320,426000
5,1367,1,861,961,1900,1,0,6835,119000
6,1961,2,804,804,2001,2,1,11766,215000
5,882,1,0,882,1959,1,0,4410,106500
4,788,0,788,788,1941,1,2,3152,100000
5,1034,1,735,735,1940,1,0,5170,109000
5,1144,1,1144,1144,1956,1,0,5720,129000
5,894,2,894,894,1972,1,0,4470,123000
5,1812,1,864,876,1962,2,1,9060,169500
5,1077,1,961,1077,1920,1,0,5385,67000
7,1550,2,1092,1112,2006,2,0,10850,241000
8,1288,2,1260,1288,1996,1,2,10304,245500
7,1310,2,1310,1310,2005,2,1,9170,164990
5,672,1,672,672,1940,1,0,3360,108000
8,2263,2,1141,1165,1998,2,1,18104,258000
6,1572,2,806,806,1995,2,1,9432,168000
4,1620,2,1281,1620,1976,2,1,6480,150000
6,1639,1,1064,1166,1936,1,0,9834,115000
6,1680,1,840,840,1915,2,0,10080,177000
7,2172,3,1063,1071,2006,2,1,15204,280000
8,2078,3,1034,1050,2007,2,1,16624,339750
5,1276,1,1276,1276,1958,1,0,6380,60000
5,1056,2,1056,1056,1955,1,0,5280,145000
7,1478,2,1470,1478,2009,2,1,10346,222000
5,1028,2,1008,1028,1927,1,1,5140,115000
7,2097,3,1080,1080,1993,2,1,14679,228000
7,1340,2,1340,1340,2007,2,0,9380,181134
6,1400,2,672,672,1978,1,1,8400,149500
6,2624,3,1370,1370,1918,2,1,15744,239000
5,1134,1,756,756,1940,1,0,5670,126000
5,1056,1,1056,1056,1968,1,1,5280,142000
7,1344,4,1344,1344,1997,2,0,9408,206300
6,1602,2,1602,1602,1977,2,1,9612,215000
5,988,2,988,988,1954,1,0,4940,113000
8,2630,3,1470,1470,1998,2,1,21040,315000
6,1196,1,1196,1196,1956,1,1,7176,139000
7,1389,1,651,707,1946,1,2,9723,135000
7,1644,2,1518,1644,1989,2,1,11508,275000
4,907,1,907,907,1957,1,0,3628,109008
7,1208,2,1208,1208,2007,2,0,8456,195400
6,1412,2,1392,1412,1988,2,1,8472,175000
6,987,1,483,483,1971,1,0,5922,85400
6,1198,0,901,1088,1920,1,0,7188,79900
5,1365,2,765,765,1971,1,0,6825,122500
6,1604,2,926,926,1997,2,1,9624,181000
4,630,0,630,630,1972,1,0,2520,81000
7,1661,2,799,827,1996,2,1,11627,212000
6,1118,2,648,734,1920,1,0,6708,116000
6,904,1,884,904,1926,1,0,5424,119000
5,694,1,440,694,1913,1,1,3470,90350
6,1196,2,684,684,1920,1,0,7176,110000
10,2402,3,3094,2402,2008,2,2,24020,555000
4,1440,0,1440,1440,1955,2,0,5760,118000
5,1573,2,1078,1128,1930,2,1,7865,162900
7,1258,3,1258,1258,2006,2,1,8806,172500
7,1908,2,915,933,1994,2,1,13356,210000
6,1689,2,1436,1689,1956,1,1,10134,127500
6,1888,2,1517,1888,1966,2,1,11328,190000
7,1886,2,930,956,1998,2,1,13202,199900
6,1376,1,780,780,1937,2,1,8256,119500
3,1183,1,649,679,1948,1,0,3549,120000
6,813,1,813,813,1930,1,0,4878,110000
7,1533,2,1533,1533,1975,2,2,10731,280000
6,1756,2,872,888,1996,2,0,10536,204000
8,1590,2,768,786,2008,2,0,12720,210000
5,1728,2,1728,1728,1976,2,0,8640,188000
7,1242,2,1242,1242,1973,1,1,8694,175500
5,1344,3,624,624,1916,1,0,6720,98000
4,1663,2,1364,1663,1954,1,2,6652,256000
8,1666,1,588,833,1925,1,1,13328,161000
5,1203,1,709,979,1950,1,1,6015,110000
8,1935,2,832,832,2009,2,0,15480,263435
7,1135,2,560,575,1936,1,0,7945,155000
5,864,1,864,864,1965,1,1,4320,62383
6,1660,1,715,849,1934,1,1,9960,188700
5,1040,0,1040,1040,1978,2,0,5200,124000
7,1414,2,1375,1414,2004,2,1,9898,178740
7,1277,2,1277,1277,1970,1,1,8939,167000
5,1644,1,728,888,1942,1,2,8220,146500
8,1634,3,1626,1634,2006,2,1,13072,250000
6,1710,2,832,832,1993,2,0,10260,187000
8,1502,2,1488,1502,1985,1,0,12016,212000
7,1969,2,808,1161,1977,2,1,13783,190000
6,1072,2,547,1072,2005,1,0,6432,148000
8,1976,3,1976,1976,2006,2,1,15808,440000
8,1652,2,1494,1652,2000,2,0,13216,251000
5,970,2,970,970,1963,1,0,4850,132500
6,1493,2,1478,1493,1997,2,1,8958,208900
9,2643,3,2153,2069,2006,2,1,23787,380000
8,1718,3,1705,1718,2007,2,1,13744,297000
4,1131,2,907,1131,1937,1,0,4524,89471
9,1850,3,1833,1850,2004,2,1,16650,326000
9,1792,3,1792,1792,2003,2,1,16128,374000
7,1826,1,910,916,1915,1,1,12782,155000
6,1216,2,1216,1216,1998,2,0,7296,164000
5,999,1,999,999,1962,1,0,4995,132500
5,1113,1,1113,1113,1950,1,1,5565,147000
5,1073,2,1073,1073,1965,1,0,5365,156000
5,1484,2,1484,1484,1971,2,1,7420,175000
5,2414,2,954,1766,1900,2,1,12070,160000
4,630,1,630,630,1970,1,0,2520,86000
5,1304,1,264,616,1976,1,1,6520,115000
6,1578,1,806,958,1941,1,2,9468,133000
6,1456,2,728,728,2006,2,0,8736,172785
5,1269,1,1269,1269,1960,1,1,6345,155000
5,886,1,190,886,1938,1,0,4430,91300
4,720,0,720,720,1920,1,0,2880,34900
8,3228,2,3200,3228,1992,3,1,25824,430000
7,1820,1,1026,1133,1925,2,0,12740,184000
5,899,1,864,899,1967,1,0,4495,130000
5,912,1,912,912,1958,1,0,4560,120000
6,1218,1,672,672,1973,1,0,7308,113000
7,1768,2,866,866,2005,2,0,12376,226700
5,1214,2,1214,1214,1965,1,0,6070,140000
7,1801,2,1501,1801,1959,2,2,12607,289000
6,1322,2,855,855,1974,2,1,7932,147000
5,1960,2,960,960,1952,2,0,9800,124500
8,1911,2,777,1065,1993,2,1,15288,215000
6,1218,2,1218,1218,2009,2,0,7308,208300
7,1378,2,689,689,1928,2,1,9646,161000
5,1041,1,1041,1041,1959,1,0,5205,124500
5,1363,1,1008,1363,1951,1,2,6815,164900
7,1368,2,1368,1368,2005,2,1,9576,202665
5,864,2,864,864,1958,1,0,4320,129900
6,1080,2,1084,1080,1983,1,0,6480,134000
5,789,1,768,789,1926,1,0,3945,96500
10,2020,3,2006,2020,2009,2,1,20200,402861
6,2119,2,689,1378,1972,2,1,12714,158000
7,2344,3,1264,1277,1996,2,1,16408,265000
6,1796,2,794,882,1998,2,0,10776,211000
7,2080,1,1276,1276,1926,1,2,14560,234000
4,1294,0,0,694,1900,2,0,5176,106250
6,1244,1,1244,1244,1957,1,2,7464,150000
6,1664,2,1004,1004,1947,2,2,9984,159000
10,4676,3,3138,3138,2007,3,1,46760,184750
7,2398,3,1379,1383,1996,2,1,16786,315750
7,1266,2,1257,1266,2005,2,1,8862,176000
5,928,1,928,928,1956,1,0,4640,132000
9,2713,3,1452,1476,2008,2,1,24417,446261
4,605,0,528,605,1920,1,0,2420,86000
6,2515,2,2035,2515,1957,3,2,15090,200624
6,1509,2,1461,1509,1988,2,1,9054,175000
6,1362,2,611,751,1920,2,0,8172,128000
5,827,1,0,827,1955,1,1,4135,107500
1,334,0,0,334,1946,1,0,334,39300
8,1414,2,707,707,2004,2,1,11312,178000
5,1347,0,1117,820,1910,1,0,6735,107500
7,1724,2,880,880,1998,2,0,12068,188000
4,864,2,864,864,1972,1,0,3456,111250
5,1159,1,1051,1159,1968,1,1,5795,158000
8,1601,2,1581,1601,2001,2,1,12808,272000
9,1838,3,1838,1838,2006,2,1,16542,315000
8,2285,3,969,997,2000,2,1,18280,248000
7,1680,2,1650,1680,1998,2,1,11760,213250
7,767,1,723,767,1998,1,0,5369,133000
7,1496,2,654,664,2006,2,1,10472,179665
7,2183,3,1204,1377,1988,2,0,15281,229000
6,1635,2,1065,915,1923,1,1,9810,210000
5,768,2,768,768,1970,1,0,3840,129500
5,825,2,825,825,1955,1,0,4125,125000
7,2094,2,912,912,2003,2,1,14658,263000
6,1069,2,1069,1069,1977,2,0,6414,140000
5,928,1,928,928,1957,1,0,4640,112500
8,1717,3,1709,1717,2006,2,1,13736,255500
4,1126,2,0,1126,1949,2,0,4504,108000
7,2046,3,998,1006,2003,2,1,14322,284000
5,1048,1,993,1048,1922,1,1,5240,113000
5,1092,1,1092,1092,1957,1,1,5460,141000
4,1336,1,637,897,1920,1,0,5344,108000
7,1446,2,729,729,1996,2,1,10122,175000
7,1557,2,1374,1557,2003,2,1,10899,234000
5,1392,2,1392,1392,1957,1,1,6960,121500
5,1389,2,1389,1389,1974,1,1,6945,170000
5,996,0,996,996,1940,1,1,4980,108000
6,1674,2,1163,1163,1918,2,1,10044,185000
7,2295,2,1095,1166,1992,2,1,16065,268000
6,1647,1,806,841,1915,1,0,9882,128000
9,2504,3,1122,1134,2005,2,1,22536,325000
7,1535,2,1517,1535,2004,2,0,10745,214000
8,2132,2,1496,1496,1983,1,1,17056,316600
5,943,2,943,943,1979,1,2,4715,135960
5,1728,2,1728,1728,1965,2,0,8640,142600
6,864,1,864,864,1959,1,0,5184,120000
7,1692,2,846,846,2009,2,0,11844,224500
7,1430,2,384,774,2000,2,1,10010,170000
5,1109,1,372,576,1971,1,0,5545,139000
5,1216,1,832,832,1947,1,0,6080,118500
7,1477,1,861,877,1928,2,1,10339,145000
5,1320,2,1164,1320,1966,1,2,6600,164500
7,1392,2,689,703,2007,2,0,9744,146000
5,1795,1,1050,1050,1954,2,0,8975,131500
6,1429,2,1144,1429,1960,1,2,8574,181900
8,2042,3,2042,2042,2008,2,1,16336,253293
6,816,0,816,816,1990,1,0,4896,118500
10,2775,2,1237,1521,1893,3,1,27750,325000
4,1573,1,884,989,1935,1,0,6292,133000
8,2028,3,1868,2028,2005,2,2,16224,369900
6,838,1,816,838,1918,1,0,5028,130000
5,860,2,840,860,1982,1,0,4300,137000
5,1473,1,1437,1473,1968,1,2,7365,143000
5,935,1,742,779,1930,1,0,4675,79500
7,1582,2,770,770,2004,2,0,11074,185900
10,2296,3,1722,1728,2008,2,1,22960,451950
5,816,2,816,816,1982,1,0,4080,138000
6,848,2,848,848,2003,1,0,5088,140000
5,924,1,924,924,1975,1,0,4620,110000
8,1826,3,1814,1826,2005,2,1,14608,319000
6,1368,1,684,684,1910,1,0,8208,114504
7,1402,3,1258,1402,2006,0,1,9814,194201
5,1647,2,1430,1647,1977,2,1,8235,217500
6,1556,2,716,716,1980,2,1,9336,151000
8,1904,2,1058,1058,2005,2,1,15232,275000
6,1375,1,780,780,1937,1,1,8250,141000
8,1915,2,908,927,1992,2,1,15320,220000
7,1200,2,600,600,2004,2,0,8400,151000
7,1494,2,1494,1494,2002,2,1,10458,221000
7,1986,2,768,1186,1965,2,3,13902,205000
5,1040,2,1040,1040,1996,1,0,5200,152000
5,2008,1,896,1112,1948,3,0,10040,225000
8,3194,2,965,1940,1934,2,2,25552,359100
4,1029,1,1029,1029,1961,1,0,4116,118500
9,2153,3,1440,1476,2000,2,2,19377,313000
6,1032,2,1032,1032,1978,2,1,6192,148000
8,1872,2,1299,1299,2001,2,1,14976,261500
5,1120,0,1120,1120,2007,1,0,5600,147000
4,630,0,630,630,1972,1,0,2520,75500
6,1054,2,936,1054,1963,1,0,6324,137500
6,1509,2,783,807,2002,2,1,9054,183200
6,832,2,832,832,1954,1,0,4992,105500
9,1828,3,1822,1828,2007,2,1,16452,314813
8,2262,3,1482,1482,2003,2,2,18096,305000
3,864,0,864,864,1914,1,0,2592,67000
6,2614,2,1522,1548,1974,2,1,15684,240000
5,980,2,980,980,1977,1,0,4900,135000
6,1512,2,756,756,2000,2,1,9072,168500
6,1790,2,732,1012,1972,1,1,10740,165150
6,1116,2,1116,1116,1962,1,0,6696,160000
5,1422,1,978,1422,1960,1,1,7110,139900
6,1520,1,1156,1520,1955,1,2,9120,153000
5,2080,2,1040,1040,1969,1,2,10400,135000
6,1350,2,1248,1350,1964,1,0,8100,168500
5,1750,1,636,1089,1880,1,0,8750,124000
8,1554,2,1554,1554,2006,2,1,12432,209500
7,1411,2,1386,1411,1977,2,1,9877,82500
5,1056,1,1056,1056,1954,1,0,5280,139400
6,1056,2,1056,1056,1980,0,0,6336,144000
6,3395,0,1440,1440,1914,2,0,20370,200000
2,800,0,264,800,1936,1,1,1600,60000
5,1387,1,811,811,1954,2,0,6935,93000
5,796,0,796,796,1910,1,0,3980,85000
8,1567,3,1520,1567,2006,2,1,12536,264561
8,1518,2,1518,1518,2003,1,1,12144,274000
7,1929,2,1057,1057,2001,2,1,13503,226000
8,2704,2,1952,2000,1972,2,3,21632,345000
5,1620,2,780,780,1969,2,0,8100,152000
9,1766,3,1766,1766,2009,2,1,15894,370878
6,981,2,981,981,1971,1,0,5886,143250
5,1048,2,0,1048,1950,1,0,5240,98300
6,1094,2,1094,1094,1953,1,2,6564,155000
6,1839,2,756,1051,1966,1,1,11034,155000
4,630,0,630,630,1970,1,0,2520,84500
7,1665,2,813,822,2007,2,0,11655,205950
4,1510,1,755,755,1940,1,1,6040,108000
7,1716,2,880,909,1996,2,1,12012,191000
6,1469,1,756,756,1906,1,0,8814,135000
8,2113,3,2109,2113,1995,2,1,16904,350000
6,1092,1,525,525,1971,1,0,6552,88000
5,1053,1,1053,1053,1959,1,0,5265,145500
7,1502,1,776,851,1931,1,1,10514,149000
6,1458,1,912,912,1948,1,1,8748,97500
5,1486,2,1486,1486,1964,1,0,7430,167000
7,1935,2,793,1142,1976,2,1,13545,197900
8,2448,3,1629,1686,1994,2,1,19584,402000
6,1392,2,1392,1392,1968,1,2,8352,110000
4,1181,2,1138,1181,1972,2,0,4724,137500
8,2097,3,2077,2097,2005,1,1,16776,423000
8,1936,2,1406,1454,2000,2,1,15488,230500
6,2380,2,1021,1465,1965,2,1,14280,129000
6,1679,2,1408,1679,1994,2,1,10074,193500
5,1437,2,1188,1437,1956,1,1,7185,168000
4,1180,1,700,1180,1922,1,1,4720,137500
6,1476,2,738,738,2005,2,0,8856,173500
6,1369,1,672,697,1925,2,0,8214,103600
6,1208,2,1208,1208,1977,1,1,7248,165000
6,1839,2,1477,1839,1957,2,2,11034,257500
6,1136,1,1136,1136,1965,1,1,6816,140000
6,1441,2,855,855,1978,2,1,8646,148500
4,1774,3,1095,1095,1900,2,0,7096,87000
5,792,1,768,792,1924,1,0,3960,109500
8,2046,3,2046,2046,2008,2,1,16368,372500
5,988,2,988,988,1961,1,0,4940,128500
6,923,1,923,923,1980,2,1,5538,143000
5,1520,1,793,848,1932,1,0,7600,159434
6,1291,2,1291,1291,1996,1,1,7746,173000
9,1668,3,1626,1668,2002,2,1,15012,285000
7,1839,2,1195,1195,1998,2,0,12873,221000
7,2090,2,1190,1190,1984,2,1,14630,207500
7,1761,2,874,874,2007,3,0,12327,227875
7,1102,2,551,551,2004,2,0,7714,148800
8,1419,2,1419,1419,2007,2,1,11352,392000
6,1362,2,1362,1362,2005,2,1,8172,194700
6,848,2,848,848,2004,1,1,5088,141000
10,4316,3,2444,2444,1994,3,2,43160,755000
7,2519,2,1210,1238,1989,2,2,17633,335000
5,1073,1,1073,1073,1921,1,0,5365,108480
5,1539,2,927,1067,1936,1,0,7695,141500
6,1137,2,1112,1137,1987,2,1,6822,176000
5,616,1,616,616,1921,1,0,3080,89000
5,1148,1,980,1148,1952,1,0,5740,123500
5,894,1,894,894,1965,1,1,4470,138500
7,1391,2,1391,1391,2004,2,0,9737,196000
8,1800,3,1800,1800,2002,2,1,14400,312500
7,1164,2,1164,1164,1969,1,0,8148,140000
8,2576,3,1234,1264,2006,2,1,20608,361919
5,1812,2,360,1032,1900,2,1,9060,140000
7,1484,2,1473,1484,2004,2,0,10388,213000
4,1092,0,0,372,1930,2,0,4368,55000
7,1824,2,1643,1824,1971,2,2,12768,302000
8,1324,2,1324,1324,2006,2,1,10592,254000
7,1456,2,728,728,2007,2,1,10192,179540
5,904,1,876,904,1966,1,0,4520,109900
3,729,0,270,729,1935,1,0,2187,52000
4,1178,1,859,859,1900,1,0,4712,102776
8,1228,2,1228,1228,1988,2,1,9824,189000
4,960,2,960,960,1970,1,0,3840,129000
6,1479,2,725,725,1976,2,0,8874,130500
6,1350,2,1064,1350,1974,2,1,8100,165000
7,2554,2,718,1576,1890,1,0,17878,159500
5,1178,2,1176,1178,1973,1,1,5890,157000
7,2418,3,1311,1325,1993,2,1,16926,341000
5,971,1,971,971,1969,1,1,4855,128500
8,1742,2,1742,1742,1985,2,1,13936,275000
6,848,2,848,848,2004,1,0,5088,143000
4,864,2,864,864,1970,1,0,3456,124500
4,1470,1,941,997,1954,2,0,5880,135000
9,1698,3,1698,1698,2007,2,1,15282,320000
4,864,2,864,864,1970,1,0,3456,120500
6,1680,2,880,1680,1988,2,1,10080,222000
7,1232,2,1232,1232,2007,2,0,8624,194500
5,1776,3,1584,1776,1958,2,0,8880,110000
4,1208,2,780,848,1925,1,0,4832,103000
8,1616,2,1595,1616,1995,2,1,12928,236500
7,1146,2,868,1146,2003,2,1,8022,187500
7,2031,2,1153,1153,1998,2,1,14217,222500
5,1144,1,864,1144,1961,1,1,5720,131400
5,948,1,948,948,1968,1,0,4740,108000
7,1768,2,880,880,1914,1,2,12376,163000
3,1040,2,0,1040,1950,2,0,3120,93500
8,1801,3,893,901,2005,2,1,14408,239900
5,1200,0,1200,1200,1987,3,0,6000,179000
7,1728,2,864,864,2004,2,0,12096,190000
5,1432,2,264,768,1910,2,0,7160,132000
6,912,1,912,912,1961,1,0,5472,142000
7,1349,2,1349,1349,2000,2,0,9443,179000
5,1464,2,520,1464,1963,2,1,7320,175000
8,1337,2,1337,1337,1993,2,1,10696,180000
8,2715,2,1142,1175,1976,3,2,21720,299800
7,2256,2,952,980,2000,2,1,15792,236000
7,2640,4,1240,1320,1880,1,1,18480,265979
7,1720,2,1720,1720,1996,2,1,12040,260400
4,1529,1,0,1088,1945,2,0,6116,98000
4,1140,0,576,792,1910,1,0,4560,96500
7,1320,2,660,660,2003,2,0,9240,162000
6,1494,2,1479,1494,1997,2,0,8964,217000
8,2098,3,1030,1038,2005,2,1,16784,275500
6,1026,2,1026,1026,1969,1,0,6156,156000
6,1471,2,729,742,1999,2,0,8826,172500
8,1768,2,866,866,2007,2,0,14144,212000
6,1386,2,672,672,1978,2,1,8316,158900
7,1501,2,744,757,1999,2,0,10507,179400
8,2531,3,1318,1328,1995,2,1,20248,290000
6,864,1,864,864,1959,1,0,5184,127500
5,1301,2,1145,1301,1924,1,0,6505,100000
7,1547,2,756,764,2009,2,0,10829,215200
8,2365,3,1252,1268,1999,2,1,18920,337000
8,1494,2,1494,1494,1995,1,1,11952,270000
9,1506,2,1498,1506,2008,2,1,13554,264132
7,1714,2,980,980,1988,2,1,11998,196500
6,1750,1,983,983,1940,2,0,10500,160000
7,1836,2,1860,1836,2004,2,1,12852,216837
8,3279,3,1650,1690,2003,3,1,26232,538000
5,858,2,858,858,1982,1,0,4290,134900
4,1220,2,836,1220,1951,1,0,4880,102000
6,1117,2,1029,1117,1976,1,1,6702,107000
5,912,1,912,912,1958,1,0,4560,114500
8,1973,3,1935,1973,2006,2,1,15784,395000
6,1204,2,1204,1204,1998,2,0,7224,162000
7,1614,3,1614,1614,2005,2,0,11298,221500
5,894,2,864,894,1974,1,1,4470,142500
5,2020,2,0,2020,1977,2,2,10100,144000
6,1004,2,975,1004,1977,1,0,6024,135000
7,1253,2,1237,1253,1995,2,1,8771,176000
6,1603,2,761,810,1992,2,0,9618,175900
7,1430,2,1413,1430,2001,2,0,10010,187100
5,1110,2,1097,1110,1978,1,1,5550,165500
6,1484,0,742,742,1914,2,1,8904,128000
6,1342,2,1372,1342,1967,2,1,8052,161500
5,1652,1,686,966,1915,2,0,8260,139000
7,2084,2,956,956,2004,2,0,14588,233000
4,901,1,901,901,1954,1,0,3604,107900
6,2087,2,832,976,1966,2,0,12522,187500
7,1145,2,1145,1145,2005,2,1,8015,160200
6,1062,2,1029,1062,1976,1,2,6372,146800
7,2013,2,1117,1127,1996,2,1,14091,269790
8,1496,2,1496,1496,2007,2,0,11968,225000
7,1895,2,712,1086,1994,2,1,13265,194500
6,1564,2,650,888,1980,2,1,9384,171000
6,1285,2,660,1285,1977,1,1,7710,143500
5,773,1,773,773,1953,1,0,3865,110000
9,3140,3,1926,1966,2008,3,2,28260,485000
5,1768,1,731,981,1937,1,2,8840,175000
6,1688,2,616,616,1997,2,0,10128,200000
4,1196,2,1196,1196,1916,1,0,4784,109900
7,1456,2,728,728,2005,2,1,10192,189000
9,2822,3,1734,1734,2008,3,1,25398,582933
5,1128,1,936,1128,1954,1,0,5640,118000
7,1428,2,1417,1428,2008,2,0,9996,227680
5,980,1,980,980,1967,2,0,4900,135500
5,1576,2,1324,1072,1923,1,1,7880,223500
5,1086,2,1024,1086,1966,1,1,5430,159950
5,2138,2,849,1075,1898,2,0,10690,106000
6,1309,2,1040,1309,1974,1,1,7854,181000
6,848,2,848,848,2004,1,1,5088,144500
5,1044,2,540,1044,1952,1,0,5220,55993
6,1442,1,1442,1442,1958,1,0,8652,157900
5,1250,1,686,686,1918,1,0,6250,116000
7,1661,2,1649,1661,1998,2,0,11627,224900
5,1008,1,1008,1008,1954,1,1,5040,137000
8,1689,3,1568,1689,2002,2,2,13512,271000
6,1052,2,1010,1052,1971,1,0,6312,155000
7,1358,2,1358,1358,2009,2,1,9506,224000
7,1640,2,798,798,2003,2,0,11480,183000
4,936,2,936,936,1953,1,0,3744,93000
7,1733,2,847,847,2003,2,1,12131,225000
6,1489,1,778,944,1940,2,1,8934,139500
8,1489,2,1489,1489,2006,2,1,11912,232600
10,2084,3,2078,2084,2007,2,1,20840,385000
5,784,0,784,784,1924,1,0,3920,109500
7,1434,2,1454,1434,2001,2,1,10038,189000
5,2126,2,1013,1160,1967,2,0,10630,185000
7,1223,2,600,520,2005,2,0,8561,147400
6,1392,2,1392,1392,1957,1,2,8352,166000
7,1200,2,600,520,2005,2,0,8400,151000
7,1829,2,941,941,2003,2,1,12803,237000
6,1516,2,1516,1516,1964,1,0,9096,167000
5,1144,2,1144,1144,1961,1,0,5720,139950
4,1067,2,1067,1067,1950,2,0,4268,128000
5,1559,2,1559,1559,1948,1,0,7795,153500
6,987,1,483,483,1973,1,0,5922,100000
5,1099,1,1099,1099,1995,1,0,5495,144000
5,1200,1,768,768,1946,1,0,6000,130500
6,1482,1,672,810,1925,2,0,8892,140000
5,1539,2,650,958,1904,2,1,7695,157500
6,1165,2,1127,1165,1966,1,0,6990,174900
5,1800,0,1800,1800,1961,2,0,9000,141000
5,1416,3,876,876,1915,1,1,7080,153900
5,1701,2,1390,1701,1975,2,2,8505,171000
7,1775,2,740,1006,1993,2,1,12425,213000
5,864,1,864,864,1972,1,1,4320,133500
6,2358,2,907,1307,1908,3,1,14148,240000
6,1855,2,528,1094,1976,2,1,11130,187000
6,848,2,848,848,2003,1,0,5088,131500
8,1456,2,1273,1456,2003,2,1,11648,215000
7,1646,1,918,918,1941,2,2,11522,164000
6,1445,2,1127,1445,1964,1,1,8670,158000
5,1779,2,1763,1779,1955,1,1,8895,170000
5,1040,1,1040,1040,1962,1,0,5200,127000
6,1026,2,940,1026,1978,1,0,6156,147000
6,1481,2,702,702,1994,2,1,8886,174000
7,1370,2,1090,1370,1976,2,1,9590,152000
6,2654,2,1054,1512,1968,2,1,15924,250000
7,1426,1,912,912,1918,1,1,9982,189950
5,1039,2,1039,1039,1965,1,0,5195,131500
6,1097,2,1040,1097,1984,2,0,6582,152000
5,1148,1,1148,1148,1959,1,0,5740,132500
7,1372,2,1372,1372,2007,2,0,9604,250580
5,1002,2,1002,1002,1970,1,0,5010,148500
8,1646,3,1638,1646,2006,2,1,13168,248900
4,1120,2,1040,1120,1961,1,0,4480,129000
5,2320,2,0,1547,1948,2,1,11600,169000
7,1949,2,1050,1062,1993,2,1,13643,236000
5,894,1,894,894,1962,1,0,4470,109500
6,1682,2,804,804,1998,2,0,10092,200500
5,910,2,105,910,1953,1,0,4550,116000
5,1268,1,832,1036,1949,1,1,6340,133000
5,1131,1,676,676,1941,1,0,5655,66500
8,2610,2,1184,1184,2007,2,1,20880,303477
4,1040,2,1064,1040,1963,1,0,4160,132250
9,2224,3,1462,1462,2004,2,1,20016,350000
5,1155,2,1109,1155,1961,1,0,5775,148000
5,864,1,864,864,1978,1,0,4320,136500
5,1090,2,1090,1090,2005,1,0,5450,157000
7,1717,2,1156,1187,1990,2,1,12019,187500
6,1593,2,808,808,1992,2,1,9558,178000
4,2230,1,795,954,1912,1,0,8920,118500
5,892,1,892,892,1967,1,0,4460,100000
9,1709,2,1698,1709,1999,2,1,15381,328900
5,1712,2,1626,1712,1959,2,0,8560,145000
5,1393,1,816,872,1955,1,0,6965,135500
8,2217,2,2217,2217,1970,2,1,17736,268000
6,1505,2,1505,1505,1953,1,1,9030,149500
5,924,2,672,672,1949,1,1,4620,122900
6,1683,2,918,918,1978,2,1,10098,172500
6,1068,1,1059,1068,1963,1,0,6408,154500
5,1383,1,1383,1383,1954,1,1,6915,165000
5,1535,2,0,1535,1979,2,0,7675,118858
6,1796,2,780,983,1963,1,1,10776,140000
4,951,1,951,951,1936,1,0,3804,106500
5,2240,2,0,1120,1979,2,0,11200,142953
9,2364,3,2330,2364,2009,2,2,21276,611657
5,1236,1,912,1236,1961,1,1,6180,135000
4,858,1,858,858,1971,1,0,3432,110000
5,1306,1,992,1306,1957,1,0,6530,153000
7,1509,2,783,807,2003,2,1,10563,180000
7,1670,3,1670,1670,2006,2,1,11690,240000
5,902,1,876,902,1967,1,0,4510,125500
5,1063,1,1056,1063,1954,1,0,5315,128000
8,1636,3,1623,1636,2006,2,1,13088,255000
7,2057,1,1017,1020,1936,1,1,14399,250000
5,902,2,864,902,1983,1,0,4510,131000
6,1484,2,742,742,2005,2,1,8904,174000
5,2274,2,1105,1105,1960,2,0,11370,154300
5,1268,1,1268,1268,1977,1,0,6340,143500
5,1015,1,768,1015,1925,1,0,5075,88000
5,2002,3,1001,1001,1949,2,0,10010,145000
6,1224,2,612,612,2009,2,0,7344,173733
4,1092,1,546,546,1970,1,0,4368,75000
2,480,1,480,480,1949,0,0,960,35311
4,1229,1,1134,1229,1956,1,0,4916,135000
7,2127,3,1104,912,1991,2,1,14889,238000
6,1414,2,1184,1414,1958,1,1,8484,176500
6,1721,2,928,936,1994,2,0,10326,201000
5,2200,0,1272,1272,1900,2,0,11000,145900
6,1316,2,1316,1316,2005,2,1,7896,169990
6,1617,2,1604,1617,1993,2,1,9702,193000
6,1686,2,1686,1686,1980,2,1,10116,207500
5,1126,2,1126,1126,1977,2,0,5630,175000
8,2374,3,1181,1234,2003,2,1,18992,285000
7,1978,2,832,1098,1968,2,1,13846,176000
8,1788,2,1753,1788,2001,2,1,14304,236500
7,2236,2,964,993,1997,2,1,15652,222000
8,1466,3,1466,1466,2007,2,0,11728,201000
5,925,1,925,925,1965,1,0,4625,117500
9,1905,3,1905,1905,2006,2,1,17145,320000
7,1500,2,1500,1500,2004,2,0,10500,190000
7,2069,2,585,2069,1960,2,1,14483,242000
4,747,2,600,747,1926,1,0,2988,79900
7,1200,2,1176,1200,2003,2,0,8400,184900
7,1971,2,1113,1113,2005,2,1,13797,253000
7,1962,3,1391,1391,2006,2,0,13734,239799
7,2403,1,1032,1207,1940,2,2,16821,244400
6,1728,2,1728,1728,1976,2,0,10368,150900
7,2060,2,992,1022,1999,2,1,14420,214000
4,1440,0,1440,1440,1977,2,0,5760,150000
5,1632,2,1632,1632,1967,2,0,8160,143000
6,1344,2,819,1344,1958,1,1,8064,137500
5,1869,2,1088,1188,1890,1,0,9345,124900
5,1144,1,1144,1144,1959,1,1,5720,143000
8,1629,3,1616,1629,2002,2,1,13032,270000
7,1776,2,936,936,2002,2,1,12432,192500
6,1381,2,1161,1381,1972,1,1,8286,197500
5,864,2,864,864,1950,1,0,4320,129000
5,965,1,828,965,1965,1,0,4825,119900
5,768,1,768,768,1972,1,0,3840,133900
5,1968,2,784,1168,1969,2,1,9840,172000
6,980,0,945,980,1975,2,0,5880,127500
6,1958,2,979,979,1946,2,0,11748,145000
6,1229,2,561,561,1980,1,1,7374,124000
5,1057,2,1057,1057,1962,1,0,5285,132000
7,1337,2,1337,1337,2003,2,0,9359,185000
7,1416,2,696,696,1999,2,0,9912,155000
5,858,0,858,858,1958,1,0,4290,116500
6,2872,2,1330,1542,1977,2,1,17232,272000
6,1548,2,804,804,1976,2,1,9288,155000
9,1800,2,1800,1800,2007,2,0,16200,239000
7,1894,2,817,824,2002,2,1,13258,214900
6,1484,2,783,783,2005,2,1,8904,178900
5,1308,1,728,976,1940,1,2,6540,160000
5,1098,1,1098,1098,1955,1,0,5490,135000
3,968,0,600,600,1910,1,0,2904,37900
6,1095,1,588,1095,1958,1,0,6570,140000
4,1192,0,720,720,1949,1,0,4768,135000
7,1626,2,764,764,2003,2,0,11382,173000
6,918,1,918,918,1979,2,1,5508,99500
7,1428,2,1428,1428,2007,2,0,9996,182000
7,2019,2,728,1136,1910,1,0,14133,167500
7,1382,2,673,673,2000,2,0,9674,165000
4,869,0,440,869,1923,1,0,3476,85500
7,1241,2,1241,1241,2006,1,0,8687,199900
4,894,2,894,894,1954,1,0,3576,110000
5,1121,2,1121,1121,1963,1,0,5605,139000
7,999,2,944,999,1961,1,0,6993,178400
8,2612,3,1225,1276,1998,2,1,20896,336000
7,1266,2,1266,1266,2007,2,1,8862,159895
8,2290,2,1128,1149,2002,2,1,18320,255900
5,1734,2,0,1302,1977,2,0,8670,126000
5,1164,1,1164,1164,1950,1,0,5820,125000
6,1635,1,485,1001,1910,1,0,9810,117000
9,1940,3,1930,1940,2009,2,1,17460,395192
6,2030,2,848,1118,1976,2,1,12180,195000
7,1576,2,770,778,2006,2,0,11032,197000
8,2392,3,1396,1407,1997,2,1,19136,348000
8,1742,2,916,916,1882,1,1,13936,168000
6,1851,2,822,1020,1964,2,1,11106,187000
6,1500,2,750,750,2005,2,0,9000,173900
10,1718,3,1700,1718,2006,2,1,17180,337500
4,1230,1,747,774,1946,1,0,4920,121600
5,1050,1,1050,1050,1961,1,0,5250,136500
6,1442,2,1442,1442,1970,2,1,8652,185000
3,1077,1,1007,1077,1922,1,1,3231,91000
7,1208,2,1187,1208,2006,2,0,8456,206000
3,944,2,0,944,1952,1,0,2832,82000
5,691,1,691,691,1920,1,0,3455,86000
8,1574,3,1574,1574,2006,2,1,12592,232000
5,1680,2,1680,1680,1976,2,0,8400,136905
7,1504,2,1346,1504,2005,2,1,10528,181000
5,985,1,985,985,1977,2,0,4925,149900
6,1657,2,1657,1657,1970,2,1,9942,163500
4,1092,1,546,546,1970,1,0,4368,88000
7,1710,2,1710,1710,2004,2,1,11970,240000
5,1522,0,1008,1008,1926,2,0,7610,102000
5,1271,1,720,720,1948,2,1,6355,135000
5,1664,0,0,1664,1965,2,0,8320,100000
6,1502,1,602,900,1923,1,2,9012,165000
5,1022,1,1022,1022,1910,1,0,5110,85000
6,1082,1,1082,1082,1948,1,1,6492,119200
8,1665,2,810,810,2001,2,0,13320,227000
7,1504,2,1504,1504,1996,2,1,10528,203000
8,1360,2,1220,1360,1984,1,1,10880,187500
7,1472,2,384,802,1991,2,1,10304,160000
7,1506,2,1362,1506,2005,2,1,10542,213490
4,1132,2,1132,1132,2005,1,0,4528,176000
7,1220,2,1199,1220,2006,2,0,8540,194000
5,1248,1,912,912,1930,1,0,6240,87000
7,1504,2,1346,1504,2005,2,1,10528,191000
8,2898,2,1565,2898,1976,2,1,23184,287000
5,882,2,882,882,1972,1,0,4410,112500
5,1264,2,1268,1264,1960,1,2,6320,167500
8,1646,3,1638,1646,2007,2,1,13168,293077
5,1376,1,768,968,1941,1,1,6880,105000
6,1218,1,672,672,1972,1,0,7308,118000
5,1928,0,686,948,1916,2,0,9640,160000
7,3082,2,824,1687,1920,2,2,21574,197000
8,2520,3,1338,1352,1993,2,1,20160,310000
7,1654,3,1654,1654,2002,2,0,11578,230000
5,954,1,920,954,1938,1,1,4770,119750
4,845,1,0,845,1957,1,0,3380,84000
9,1620,3,1620,1620,2007,2,1,14580,315500
8,2263,2,1055,1055,2001,2,1,18104,287000
4,1344,0,546,798,1970,1,1,5376,97000
4,630,1,630,630,1970,1,0,2520,80000
5,1803,2,1134,1803,1957,2,1,9015,155000
6,1632,2,800,800,1966,1,0,9792,173000
6,1306,2,1306,1306,2005,2,1,7836,196000
7,2329,2,1475,1532,1990,2,1,16303,262280
8,2524,2,2524,2524,1981,2,1,20192,278000
3,1733,2,0,1733,1955,2,1,5199,139600
9,2868,3,1992,1992,2005,3,1,25812,556581
5,990,2,990,990,1994,1,0,4950,145000
5,1771,2,0,1771,1960,1,1,8855,115000
4,930,1,0,930,1946,1,0,3720,84900
7,1302,2,1302,1302,2007,2,0,9114,176485
7,1316,2,1316,1316,2007,2,1,9212,200141
6,1977,2,816,1127,1964,1,1,11862,165000
5,1526,1,1216,1526,1957,1,1,7630,144500
8,1989,2,1065,1091,2002,2,1,15912,255000
6,1523,2,1193,1523,1976,2,1,9138,180000
7,1364,2,1364,1364,2005,2,1,9548,185850
7,1850,2,973,979,1994,2,1,12950,248000
9,2184,3,1104,1130,2008,2,1,19656,335000
6,1991,2,854,1096,1932,1,1,11946,220000
8,1338,2,1338,1338,2001,2,0,10704,213500
3,894,3,894,894,1935,1,0,2682,81000
5,2337,2,662,1422,1900,2,0,11685,90000
6,1103,2,1103,1103,1925,1,1,6618,110500
5,1154,2,1154,1154,1966,1,1,5770,154000
7,2260,2,1306,1306,1996,2,0,15820,328000
6,1571,2,799,799,1993,2,1,9426,178000
6,1611,2,780,798,1964,1,0,9666,167900
6,2521,2,942,1291,1973,2,1,15126,151400
5,893,2,845,893,1949,1,0,4465,135000
5,1048,1,1048,1048,1956,1,0,5240,135000
6,1556,2,727,829,1968,1,0,9336,154000
5,1456,1,810,1002,1948,1,1,7280,91500
6,1426,2,690,698,1977,1,0,8556,159500
7,1240,3,1240,1240,2006,2,0,8680,194000
7,1740,1,800,960,1940,1,2,12180,219500
5,1466,2,796,1096,1936,2,1,7330,170000
5,1096,1,1096,1096,1969,1,0,5480,138800
6,848,2,848,848,2004,1,1,5088,155900
5,990,1,990,990,1994,1,0,4950,126000
6,1258,2,1258,1258,1971,2,0,7548,145000
5,1040,1,1040,1040,1963,1,0,5200,133000
7,1459,2,1459,1459,2002,2,1,10213,192000
6,1251,1,1251,1251,1964,1,2,7506,160000
6,1498,2,691,691,1995,2,1,8988,187500
6,996,2,936,996,1992,1,0,5976,147000
4,1092,1,546,546,1973,1,0,4368,83500
8,1953,3,1082,1082,2005,2,1,15624,252000
7,1709,2,970,970,2004,2,0,11963,137500
8,1247,2,1247,1247,2005,1,1,9976,197000
3,1040,2,0,1040,1950,2,0,3120,92900
7,1252,2,600,624,1999,2,0,8764,160000
6,1694,2,1181,1390,1925,2,1,10164,136500
5,1200,2,864,1200,1965,1,0,6000,146000
5,936,1,936,936,1956,1,0,4680,129000
6,1314,2,1314,1314,2006,2,1,7884,176432
6,1355,0,684,773,1914,1,0,8130,127000
8,1088,2,1074,1088,1986,1,0,8704,170000
4,1324,1,672,757,1936,1,0,5296,128000
7,1601,2,1271,1601,1978,2,1,11207,157000
2,438,1,290,438,1920,1,0,876,60000
5,950,1,950,950,1971,1,0,4750,119500
5,1134,1,1010,1134,1960,1,0,5670,135000
6,1194,2,655,1194,1959,1,1,7164,159500
5,1302,2,630,630,1970,2,0,6510,106000
8,2622,2,1463,1500,1994,2,2,20976,325000
7,1442,2,910,1442,1990,2,1,10094,179900
7,2021,2,868,887,2006,2,1,14147,274725
6,1690,2,924,948,2000,2,1,10140,181000
8,1836,3,1836,1836,2004,2,1,14688,280000
6,1658,2,773,773,1995,2,1,9948,188000
7,1964,2,803,1098,1976,2,1,13748,205000
5,816,1,816,816,1957,1,0,4080,129900
5,1008,1,1008,1008,1953,1,0,5040,134500
5,833,1,833,833,1954,1,0,4165,117000
8,1734,3,1734,1734,2007,2,1,13872,318000
8,1419,2,408,779,2002,2,1,11352,184100
5,894,2,894,894,1967,1,0,4470,130000
5,1601,1,533,1021,1958,1,0,8005,140000
5,1040,1,1040,1040,1959,1,0,5200,133700
6,1012,1,1012,1012,1920,1,1,6072,118400
7,1552,3,1552,1552,2005,2,0,10864,212900
4,960,1,672,960,1956,1,0,3840,112000
5,698,0,698,698,1947,1,0,3490,118000
7,1482,2,384,812,1992,2,1,10374,163900
4,1005,2,1005,1005,1955,1,1,4020,115000
7,1555,3,1373,1555,2007,2,1,10885,174000
7,1530,3,1530,1530,2004,2,1,10710,259000
7,1959,2,847,847,2004,2,1,13713,215000
5,936,2,936,936,1980,1,0,4680,140000
4,1981,2,1122,1328,1928,2,2,7924,135000
5,974,0,974,974,1991,1,0,4870,93500
6,2210,1,1008,1178,1880,2,0,13260,117500
8,2020,2,1128,1142,1995,2,1,16160,239500
6,1600,2,916,916,1997,2,1,9600,169000
6,986,1,960,986,1926,1,1,5916,102000
6,1252,1,1032,1032,1950,1,0,7512,119000
5,1020,0,780,780,1875,1,0,5100,94000
6,1567,2,1567,1567,1977,2,2,9402,196000
5,1167,2,915,1167,1920,1,1,5835,144000
5,952,2,952,952,1951,1,0,4760,139000
5,1868,2,780,1088,1976,2,1,9340,197500
8,2828,3,1466,1466,2006,3,1,22624,424870
5,1006,0,1006,1006,1959,1,0,5030,80000
4,924,1,672,672,1941,1,0,3696,80000
5,1576,1,1042,1042,1928,1,1,7880,149000
6,1298,2,1298,1298,1985,2,1,7788,180000
7,1564,1,704,860,1941,1,1,10948,174500
7,1111,1,572,572,1926,1,1,7777,116900
7,1482,2,650,832,1920,1,0,10374,143000
6,932,1,932,932,1950,1,1,5592,124000
5,1466,2,1466,1466,1959,1,2,7330,149900
6,1811,2,1073,1811,1956,1,1,10866,230000
6,816,1,816,816,1930,1,0,4896,120500
7,1820,2,864,902,1965,1,2,12740,201800
5,1437,2,1437,1437,1976,2,1,7185,218000
5,1265,2,1219,1265,1965,2,1,6325,179900
7,1314,2,1314,1314,2007,2,1,9198,230000
8,1580,3,1580,1580,2007,2,0,12640,235128
6,1876,2,901,943,1974,2,1,11256,185000
6,1456,2,855,855,1978,2,1,8736,146000
6,1640,2,1296,1640,1954,1,1,9840,224000
5,894,2,894,894,1968,1,1,4470,129000
4,1258,2,1198,1258,1969,0,0,5032,108959
5,1432,2,1360,1432,1978,1,1,7160,194000
7,1502,2,1502,1502,2009,2,0,10514,233170
8,1694,3,1694,1694,2008,2,0,13552,245350
6,1671,2,959,959,2000,2,1,10026,173000
6,2108,2,1127,1236,1935,2,2,12648,235000
10,3627,3,1930,1831,1995,3,1,36270,625000
6,1118,1,1096,1118,1977,1,1,6708,171000
6,1261,2,1261,1261,1958,1,1,7566,163000
7,1250,2,625,625,2006,2,0,8750,171900
5,3086,0,1598,1636,1946,3,1,15430,200500
6,2345,2,952,1170,1932,2,1,14070,239000
8,2872,2,1683,2129,1992,2,1,22976,285000
5,923,1,876,923,1984,1,0,4615,119500
6,1224,1,818,818,1926,1,0,7344,115000
5,1343,1,731,820,1921,1,1,6715,154900
5,1124,0,0,1124,1954,1,1,5620,93000
7,2514,2,1216,1298,1990,2,0,17598,250000
8,1652,2,1600,1652,2008,2,1,13216,392500
10,4476,3,2396,2411,1996,3,2,44760,745000
5,1130,2,1120,1130,1920,1,1,5650,120000
5,1572,3,1572,1572,1963,1,2,7860,186700
5,1221,1,784,949,1924,1,0,6105,104900
3,1699,2,978,1014,1900,2,0,5097,95000
8,1624,3,1624,1624,1994,2,1,12992,262000
7,1660,2,831,831,2002,2,0,11620,195000
7,1804,2,994,1028,1999,2,1,12628,189000
4,1622,4,1249,1622,1961,1,1,6488,168000
8,1441,2,776,764,1999,2,0,11528,174000
5,1472,1,702,842,1925,1,0,7360,125000
6,1224,2,1224,1224,1999,2,0,7344,165000
6,1352,1,663,663,1969,1,0,8112,158000
6,1456,2,728,728,2005,2,0,8736,176000
7,1863,3,879,879,2006,2,1,13041,219210
7,1690,1,815,815,1916,1,1,11830,144000
7,1212,2,1212,1212,2001,2,0,8484,178000
4,1382,2,1051,1382,1963,1,1,5528,148000
4,864,1,864,864,1970,1,0,3456,116050
7,1779,2,866,866,1998,2,0,12453,197900
5,1348,1,884,884,1925,1,1,6740,117000
7,1630,2,1630,1630,2000,2,1,11410,213000
5,1074,2,1056,1074,1975,1,0,5370,153500
7,2196,3,2158,2196,1990,2,1,15372,271900
4,1056,1,1056,1056,1966,1,0,4224,107000
6,1700,2,1682,1700,2003,2,0,10200,200000
5,1283,2,931,1283,1962,1,0,6415,140000
8,1660,2,1660,1660,2006,2,1,13280,290000
6,1845,2,1055,1055,1992,2,1,11070,189000
8,1752,2,559,1080,1988,2,0,14016,164000
4,672,1,672,672,1941,1,0,2688,113000
4,960,1,648,960,1965,0,0,3840,145000
5,999,1,925,999,1962,1,0,4995,134500
5,894,1,894,894,1966,1,0,4470,125000
6,1902,2,0,1318,1978,2,0,11412,112000
8,1314,2,1300,1314,2009,2,0,10512,229456
4,912,0,0,672,1947,1,0,3648,80500
6,1218,0,672,672,1971,1,0,7308,91500
5,912,1,912,912,1964,1,0,4560,115000
5,1211,1,952,1211,1968,1,1,6055,134000
6,1846,1,1040,1168,1949,2,1,11076,143000
5,2136,2,2136,2136,1951,2,0,10680,137900
7,1490,2,788,788,2004,2,1,10430,184000
6,1138,1,588,1138,1958,1,0,6828,145000
6,1933,3,894,894,2007,2,1,11598,214000
5,912,2,912,912,1965,1,0,4560,147000
9,1702,3,1702,1702,2008,1,1,15318,367294
5,1507,1,1075,1507,1960,2,0,7535,127000
5,2620,2,1361,1361,1977,2,1,13100,190000
5,1190,2,1106,1190,1962,1,0,5950,132500
4,1224,2,0,1224,1962,2,0,4896,101800
5,1188,2,1188,1188,1959,1,0,5940,142000
5,1964,0,940,1024,1911,1,0,9820,130000
5,1784,1,747,892,1914,1,0,8920,138887
7,1626,2,764,764,2003,2,0,11382,175500
7,1948,2,847,847,2004,2,1,13636,195000
6,1141,2,1141,1141,2005,1,0,6846,142500
8,1484,2,1476,1484,2006,2,1,11872,265900
7,1768,2,884,884,2003,2,0,12376,224900
7,1689,3,1689,1689,2007,2,0,11823,248328
7,1173,2,1053,1173,1974,2,2,8211,170000
10,2076,3,2076,2076,2006,2,1,20760,465000
8,1517,2,792,792,1929,1,2,12136,230000
6,1868,2,585,1140,1984,3,1,11208,178000
7,1553,2,756,756,2005,2,0,10871,186500
6,1034,3,1012,1034,1976,1,0,6204,169900
6,2058,2,735,1134,1917,1,1,12348,129500
5,988,1,876,988,1950,1,0,4940,119000
7,2110,2,2110,2110,1968,2,2,14770,244000
7,1405,2,1405,1405,2003,2,1,9835,171750
5,874,1,864,874,1968,1,0,4370,130000
7,2167,2,1192,1516,1974,2,2,15169,294000
7,1656,2,746,760,2003,2,1,11592,165400
6,1367,1,884,959,1931,1,1,8202,127500
8,1987,2,1986,1987,1994,2,1,15896,301500
5,864,0,864,864,1922,1,0,4320,99900
7,1166,2,856,1166,2005,2,0,8162,190000
6,1054,2,1054,1054,1969,1,0,6324,151000
6,1675,2,841,892,1999,2,1,10050,181000
5,1050,1,1050,1050,1956,1,0,5250,128900
4,1788,1,1104,1104,1957,1,2,7152,161500
6,1824,2,764,1060,1919,1,1,10944,180500
6,1337,2,1405,1337,1998,2,0,8022,181000
7,1452,2,691,713,1999,2,0,10164,183900
7,1889,1,925,964,1910,1,1,13223,122000
9,2018,3,2002,2018,2008,2,1,18162,378500
8,3447,3,728,1968,1935,3,2,27576,381000
5,1524,1,874,874,1958,1,0,7620,144000
7,1524,2,1332,1332,1979,0,1,10668,260000
6,1489,2,1489,1489,1968,2,1,8934,185750
5,935,1,935,935,1965,1,0,4675,137000
6,1357,1,1019,1357,1959,1,1,8142,177000
5,1250,2,661,661,1910,2,1,6250,139000
5,1920,2,928,928,1948,2,0,9600,137000
6,1395,2,723,735,1972,1,1,8370,162000
6,1724,2,1680,1724,1967,1,1,10344,197900
8,2031,2,1128,1128,2002,2,1,16248,237000
4,1128,2,698,698,1920,1,0,4512,68400
7,1573,2,1573,1573,2002,2,0,11011,227000
7,1339,2,1309,1339,1990,2,1,9373,180000
5,1040,2,1040,1040,1977,2,0,5200,150500
6,1824,0,912,912,1971,2,0,10944,139000
6,2447,1,804,1699,1919,2,1,14682,169000
6,1412,1,780,825,1939,1,1,8472,132500
6,1328,2,1328,1328,1963,1,2,7968,143000
5,1582,2,1624,1582,1964,2,0,7910,190000
8,1659,2,1501,1659,2000,2,1,13272,278000
8,1970,3,1085,1120,2006,2,1,15760,281000
5,1152,2,1152,1152,1964,1,1,5760,180500
5,1302,1,630,630,1972,2,0,6510,119500
5,2372,1,994,1378,1892,2,0,11860,107500
7,1664,2,832,832,1976,2,1,11648,162900
5,864,2,864,864,1955,1,0,4320,115000
5,1052,1,1052,1052,1968,1,0,5260,138500
5,1128,2,1120,1128,1963,2,0,5640,155000
6,1072,2,547,1072,2005,2,0,6432,140000
10,5642,2,6110,4692,2008,2,3,56420,160000
5,1246,1,1246,1246,1959,1,0,6230,154000
7,1983,2,978,1005,1999,2,1,13881,225000
6,1494,1,771,753,1942,1,2,8964,177500
8,2526,3,1165,1203,1994,2,1,20208,290000
7,1616,3,1616,1616,2005,2,0,11312,232000
7,1708,2,976,976,2004,2,0,11956,130000
9,1652,2,1652,1652,2006,2,2,14868,325000
7,1368,2,1368,1368,2005,2,1,9576,202500
5,990,2,990,990,1994,1,0,4950,138000
5,1122,2,924,1122,1948,1,0,5610,147000
6,1294,2,1278,1294,1991,2,0,7764,179200
7,1902,2,1902,1902,1959,2,2,13314,335000
7,1274,2,1274,1274,2005,2,0,8918,203000
8,2810,2,1453,1453,1990,2,1,22480,302000
9,2599,3,1393,1422,1999,2,1,23391,333168
4,948,1,948,948,1954,1,1,3792,119000
6,2112,2,952,1092,1969,2,2,12672,206900
8,1630,3,1622,1630,2008,2,1,13040,295493
7,1352,2,1352,1352,2006,2,1,9464,208900
8,1787,3,1753,1787,2001,2,1,14296,275000
4,948,1,864,948,1954,1,0,3792,111000
6,1478,2,1478,1478,1957,1,2,8868,156500
3,720,1,0,720,1949,1,0,2160,72500
7,1923,2,750,1061,1992,2,1,13461,190000
4,708,0,420,708,1940,1,0,2832,82500
8,1795,3,1795,1795,2006,2,1,14360,147000
4,796,0,796,796,1922,1,0,3184,55000
3,774,0,544,774,1931,1,0,2322,79000
5,816,1,816,816,1982,1,1,4080,130500
6,2792,2,1510,1584,1920,2,2,16752,256000
7,1632,2,935,955,1998,2,1,11424,176500
8,1588,3,1588,1588,2006,2,1,12704,227000
5,954,2,911,954,1976,1,0,4770,132500
4,816,1,816,816,1938,1,1,3264,100000
5,1360,1,803,803,1938,1,0,6800,125500
5,1365,2,765,765,1970,1,0,6825,125000
6,1334,2,1350,1334,1977,2,1,8004,167900
5,1656,2,1656,1656,1973,2,0,8280,135000
4,693,0,693,693,1941,1,0,2772,52500
7,1861,2,916,920,2002,2,0,13027,200000
5,864,1,864,864,1972,1,0,4320,128500
4,872,4,858,872,1971,1,0,3488,123000
6,1114,2,1114,1114,2003,1,0,6684,155000
8,2169,2,1284,1284,2002,2,1,17352,228500
6,1913,2,896,1172,1928,1,1,11478,177000
7,1456,2,728,728,2006,2,1,10192,155835
4,960,1,960,960,1920,1,0,3840,108500
7,2156,2,1568,2156,1968,2,1,15092,262500
8,1776,3,1732,1776,2006,2,1,14208,283463
7,1494,2,1482,1494,1998,2,1,10458,215000
8,2358,0,684,938,1872,2,0,18864,122000
5,2634,4,1248,1338,1969,2,0,13170,200000
6,1716,2,858,858,1962,1,1,10296,171000
6,1176,2,698,786,1937,1,0,7056,134900
8,3238,3,2033,2053,1995,2,1,25904,410000
7,1865,3,992,992,2000,2,1,13055,235000
7,1920,2,570,1222,1968,3,1,13440,170000
5,892,1,864,892,1966,1,0,4460,110000
5,1078,2,1078,1078,1971,1,1,5390,149900
6,1573,2,756,769,2000,2,0,9438,177500
9,1980,3,1980,1980,2004,2,1,17820,315000
5,2601,2,612,990,1921,3,0,13005,189000
7,1530,2,1530,1530,2005,2,1,10710,260000
4,1738,1,715,1281,1920,2,1,6952,104900
6,1412,2,616,616,2006,2,1,8472,156932
7,1200,2,600,520,2005,2,0,8400,144152
7,1674,2,814,814,2000,2,0,11718,216000
7,1790,2,873,882,1999,2,0,12530,193000
5,1475,1,757,925,1977,2,1,7375,127000
6,848,2,848,848,2003,1,0,5088,144000
8,1668,2,1657,1668,2003,2,1,13344,232000
4,1374,1,840,840,1920,1,0,5496,105000
6,1661,1,992,1661,1955,1,1,9966,165500
7,2097,2,1108,1108,1998,2,1,14679,274300
10,2633,3,2633,2633,2001,2,2,26330,466500
7,1958,3,1026,1026,2005,2,1,13706,250000
8,1571,3,1571,1571,2007,2,1,12568,239000
6,790,1,768,790,1930,1,0,4740,91000
5,1604,2,984,984,1941,2,0,8020,117000
6,987,1,483,483,1973,1,0,5922,83000
5,1394,2,384,754,2006,2,0,6970,167500
3,864,1,864,864,1914,1,0,2592,58500
6,2117,2,1205,2117,1970,2,2,12702,237500
7,1762,2,596,998,1920,1,0,12334,157000
5,1416,2,816,1416,1918,2,0,7080,112000
6,1258,1,560,698,1939,1,0,7548,105000
4,1154,1,796,796,1922,1,0,4616,125500
7,2784,2,1392,1392,1978,3,2,19488,250000
6,2526,1,714,1664,1916,2,1,15156,136000
9,1746,3,1746,1746,2006,2,2,15714,377500
6,1218,2,735,869,1941,1,1,7308,131000
7,1525,2,1525,1525,2000,2,0,10675,235000
5,1584,3,1584,1584,1967,2,0,7920,124000
5,900,1,864,900,1967,1,1,4500,123000
6,1912,2,482,1221,1905,2,1,11472,163000
7,1500,3,1356,1500,2006,2,1,10500,246578
8,2482,3,1094,1133,2005,2,1,19856,281213
5,1687,2,747,1687,1948,1,2,8435,160000
5,1513,1,939,939,1920,1,0,7565,137500
5,1904,1,1208,1136,1950,1,0,9520,138000
6,1608,1,976,1160,1925,2,1,9648,137450
6,1158,1,862,950,1929,1,1,6948,120000
6,1593,2,839,864,2004,2,1,9558,193000
7,1294,2,1286,1294,2006,2,1,9058,193879
8,1464,3,1485,1464,2007,2,0,11712,282922
3,1214,3,672,694,1915,1,0,3642,105000
8,1646,2,1594,1646,2004,2,1,13168,275000
5,768,2,768,768,1972,1,0,3840,133000
5,833,0,833,833,1985,1,0,4165,112000
4,1363,2,622,741,1910,1,0,5452,125500
7,2093,2,791,1236,1986,2,1,14651,215000
7,1840,2,944,944,2001,2,0,12880,230000
6,1668,1,856,1112,1950,1,0,10008,140000
4,1040,2,0,1040,1949,2,0,4160,90000
8,1844,2,1844,1844,2005,2,1,14752,257000
6,1848,2,833,1053,1923,1,1,11088,207000
7,1569,3,1386,1569,2007,2,1,10983,175900
4,2290,2,777,1246,1885,2,0,9160,122500
8,2450,3,1284,1310,1998,2,1,19600,340000
5,1144,1,1144,1144,1963,1,0,5720,124000
6,1844,2,1844,1844,1969,2,1,11064,223000
6,1416,2,708,708,1968,2,1,8496,179900
6,1069,2,1069,1069,1977,2,1,6414,127500
6,848,2,848,848,2003,1,0,5088,136500
6,2201,2,697,1575,1966,2,1,13206,274970
5,1344,1,1024,1344,1958,1,1,6720,144000
6,1252,2,1252,1252,1959,1,0,7512,142000
7,2127,2,1223,1223,1994,2,2,14889,271000
5,1558,1,913,1048,1945,1,1,7790,140000
5,804,1,788,804,1940,1,2,4020,119000
6,1440,2,1440,1440,1981,2,1,8640,182900
5,1838,2,732,734,2005,2,1,9190,192140
6,958,2,958,958,1976,2,0,5748,143750
4,968,1,656,968,1927,2,0,3872,64500
6,1792,2,936,962,2000,2,1,10752,186500
5,1126,2,1126,1126,1977,2,1,5630,160000
6,1537,2,1319,1537,1962,1,1,9222,174000
4,864,2,864,864,1971,1,0,3456,120500
8,1932,3,1932,1932,2008,2,1,15456,394617
6,1236,2,912,1236,1957,1,0,7416,149700
7,1725,2,539,1040,1979,2,1,12075,197000
6,2555,2,588,1423,1922,2,1,15330,191000
6,848,2,848,848,2004,1,1,5088,149300
10,2007,3,1017,1026,2008,2,1,20070,310000
6,952,1,952,952,1916,1,1,5712,121000
7,1422,2,1422,1422,2004,2,0,9954,179600
6,913,1,814,913,1966,1,0,5478,129000
5,1188,1,1188,1188,1962,1,0,5940,157900
8,2090,2,1220,1220,1995,2,1,16720,240000
4,1346,1,560,796,1910,1,0,5384,112000
5,630,0,630,630,1970,1,0,3150,92000
5,1792,0,896,896,1974,2,0,8960,136000
8,1578,3,1573,1578,2008,2,1,12624,287090
5,1072,2,547,1072,2005,1,0,5360,145000
5,1140,0,1140,1140,2006,1,0,5700,84500
7,1221,2,1221,1221,2004,2,0,8547,185000
6,1647,2,953,953,1999,2,1,9882,175000
6,2073,2,1542,2073,1978,2,2,12438,210000
7,2340,1,1152,1188,1941,2,2,16380,266500
5,1078,1,1078,1078,1950,1,0,5390,142125
5,1256,1,1256,1256,1965,1,0,6280,147500
